2026-05-27 14:01:00,2026-05-27 14:43:15.409237
2026-05-27 15:28:07.043337,2026-05-27 17:00:47.128702
2026-05-27 17:45:38.838484,2026-05-27 19:18:18.851479
2026-05-27 20:03:10.639705,2026-05-27 21:35:50.573803
2026-05-27 22:20:42.432689,2026-05-27 23:53:22.295658
2026-05-28 00:38:14.227962,2026-05-28 02:10:54.019528
2026-05-28 02:55:46.024492,2026-05-28 04:28:25.744148
2026-05-28 05:13:17.821012,2026-05-28 06:45:57.469502
2026-05-28 07:30:49.617503,2026-05-28 09:03:29.196825
2026-05-28 09:48:21.415199,2026-05-28 11:21:00.923600
2026-05-28 12:05:53.211581,2026-05-28 13:38:32.651061
2026-05-28 14:23:25.007882,2026-05-28 15:56:04.379192
2026-05-28 16:40:56.804083,2026-05-28 18:13:36.111087
2026-05-28 18:58:28.600166,2026-05-28 20:31:07.837401
2026-05-28 21:16:00.396114,2026-05-28 22:48:39.567445
2026-05-28 23:33:32.191909,2026-05-29 01:06:11.298094
2026-05-29 01:51:03.987531,2026-05-29 03:23:43.029331
2026-05-29 04:08:35.782964,2026-05-29 05:41:14.761141
2026-05-29 06:26:07.578188,2026-05-29 07:58:46.493505
2026-05-29 08:43:39.373186,2026-05-29 10:16:18.229186
2026-05-29 11:01:11.167939,2026-05-29 12:33:49.959834
2026-05-29 13:18:42.962429,2026-05-29 14:51:21.696452
2026-05-29 15:36:14.756638,2026-05-29 17:08:53.428182
2026-05-29 17:53:46.550547,2026-05-29 19:26:25.165816
2026-05-29 20:11:18.344138,2026-05-29 21:43:56.898416
2026-05-29 22:28:50.137393,2026-05-30 00:01:28.634199
2026-05-30 00:46:21.930293,2026-05-30 02:19:00.370402
2026-05-30 03:03:53.722820,2026-05-30 04:36:32.110688
2026-05-30 05:21:25.514955,2026-05-30 06:54:03.844002
2026-05-30 07:38:57.306681,2026-05-30 09:11:35.581365
2026-05-30 09:56:29.097979,2026-05-30 11:29:07.319082
2026-05-30 12:14:00.888830,2026-05-30 13:46:39.060667
2026-05-30 14:31:32.679217,2026-05-30 16:04:10.795505
2026-05-30 16:49:04.469121,2026-05-30 18:21:42.537560
2026-05-30 19:06:36.258523,2026-05-30 20:39:14.273135
2026-05-30 21:24:08.047407,2026-05-30 22:56:46.015599
2026-05-30 23:41:39.835753,2026-05-31 01:14:17.751836
2026-05-31 01:59:11.623544,2026-05-31 03:31:49.491546
2026-05-31 04:16:43.410761,2026-05-31 05:49:21.231473
2026-05-31 06:34:15.197386,2026-05-31 08:06:52.974564
2026-05-31 08:51:46.983402,2026-05-31 10:24:24.711909
2026-05-31 11:09:18.768791,2026-05-31 12:41:56.455220
2026-05-31 13:26:50.553534,2026-05-31 14:59:28.193009
2026-05-31 15:44:22.337615,2026-05-31 17:16:59.933765
2026-05-31 18:01:54.121014,2026-05-31 19:34:31.674638
2026-05-31 20:19:25.903716,2026-05-31 21:52:03.415609
2026-05-31 22:36:57.685701,2026-06-01 00:09:35.159198
2026-06-01 00:54:29.466953,2026-06-01 02:27:06.897780
2026-06-01 03:12:01.247455,2026-06-01 04:44:38.641372
2026-06-01 05:29:33.027188,2026-06-01 07:02:10.380146
2026-06-01 07:47:04.806136,2026-06-01 09:19:42.121360
2026-06-01 10:04:36.584282,2026-06-01 11:37:13.862573
2026-06-01 12:22:08.361608,2026-06-01 13:54:45.605989
2026-06-01 14:39:40.138098,2026-06-01 16:12:17.344932
2026-06-01 16:57:11.913735,2026-06-01 18:29:49.088094
2026-06-01 19:14:43.688502,2026-06-01 20:47:20.828693
2026-06-01 21:32:15.462383,2026-06-01 23:04:52.569734
2026-06-01 23:49:47.235360,2026-06-02 01:22:24.310896
2026-06-02 02:07:19.010573,2026-06-02 03:39:56.049670
2026-06-02 04:24:50.781519,2026-06-02 05:57:27.792140
2026-06-02 06:42:22.548710,2026-06-02 08:14:59.532362
2026-06-02 08:59:54.317912,2026-06-02 10:32:31.271077
2026-06-02 11:17:26.086131,2026-06-02 12:50:03.013067
2026-06-02 13:34:57.853350,2026-06-02 15:07:34.752971
2026-06-02 15:52:29.622310,2026-06-02 17:25:06.492668
2026-06-02 18:10:01.384726,2026-06-02 19:42:38.230397
2026-06-02 20:27:33.151456,2026-06-02 22:00:09.969668
2026-06-02 22:45:04.911918,2026-06-03 00:17:41.708684
2026-06-03 01:02:36.677562,2026-06-03 02:35:13.449078
2026-06-03 03:20:08.434805,2026-06-03 04:52:45.187511
2026-06-03 05:37:40.197961,2026-06-03 07:10:16.924058
2026-06-03 07:55:11.953266,2026-06-03 09:27:48.663468
2026-06-03 10:12:43.710801,2026-06-03 11:45:20.400963
2026-06-03 12:30:15.470140,2026-06-03 14:02:52.136609
2026-06-03 14:47:47.222408,2026-06-03 16:20:23.872336
2026-06-03 17:05:18.976451,2026-06-03 18:37:55.609016
2026-06-03 19:22:50.729303,2026-06-03 20:55:27.347577
2026-06-03 21:40:22.483404,2026-06-03 23:12:59.081170
2026-06-03 23:57:54.231377,2026-06-04 01:30:30.818417
2026-06-04 02:15:25.980572,2026-06-04 03:48:02.553208
2026-06-04 04:32:57.728522,2026-06-04 06:05:34.287561
2026-06-04 06:50:29.477237,2026-06-04 08:23:06.019278
2026-06-04 09:08:01.222562,2026-06-04 10:40:37.753036
2026-06-04 11:25:32.964771,2026-06-04 12:58:09.485930
2026-06-04 13:43:04.707612,2026-06-04 15:15:41.220329
2026-06-04 16:00:36.450817,2026-06-04 17:33:12.950179
2026-06-04 18:18:08.189356,2026-06-04 19:50:44.683747
2026-06-04 20:35:39.929769,2026-06-04 22:08:16.414670
2026-06-04 22:53:11.667467,2026-06-05 00:25:48.142724
2026-06-05 01:10:43.403540,2026-06-05 02:43:19.874883
2026-06-05 03:28:15.135577,2026-06-05 05:00:51.604131
2026-06-05 05:45:46.871631,2026-06-05 07:18:23.331650
2026-06-05 08:03:18.601329,2026-06-05 09:35:55.059703
2026-06-05 10:20:50.332972,2026-06-05 11:53:26.789687
2026-06-05 12:38:22.064641,2026-06-05 14:10:58.516559
2026-06-05 14:55:53.792454,2026-06-05 16:28:30.242817
2026-06-05 17:13:25.518775,2026-06-05 18:46:01.968476
2026-06-05 19:30:57.241328,2026-06-05 21:03:33.691014
2026-06-05 21:48:28.966075,2026-06-05 23:21:05.415419
2026-06-06 00:06:00.685902,2026-06-06 01:38:37.140277
2026-06-06 02:23:32.408811,2026-06-06 03:56:08.860912
2026-06-06 04:41:04.126114,2026-06-06 06:13:40.583297
2026-06-06 06:58:35.843152,2026-06-06 08:31:12.307283
2026-06-06 09:16:07.560015,2026-06-06 10:48:44.028226
2026-06-06 11:33:39.276635,2026-06-06 13:06:15.748459
2026-06-06 13:51:10.988106,2026-06-06 15:23:47.465926
2026-06-06 16:08:42.699725,2026-06-06 17:41:19.186767
2026-06-06 18:26:14.411470,2026-06-06 19:58:50.904824
2026-06-06 20:43:46.120121,2026-06-06 22:16:22.620052
2026-06-06 23:01:17.827246,2026-06-07 00:33:54.338706
2026-06-07 01:18:49.532841,2026-06-07 02:51:26.054516
2026-06-07 03:36:21.234888,2026-06-07 05:08:57.769564
2026-06-07 05:53:52.937293,2026-06-07 07:26:29.483841
2026-06-07 08:11:24.640384,2026-06-07 09:44:01.197343
2026-06-07 10:28:56.337431,2026-06-07 12:01:32.910062
2026-06-07 12:46:28.035156,2026-06-07 14:19:04.619352
2026-06-07 15:03:59.733972,2026-06-07 16:36:36.333133
2026-06-07 17:21:31.425897,2026-06-07 18:54:08.041695
2026-06-07 19:39:03.118907,2026-06-07 21:11:39.752725
2026-06-07 21:56:34.813501,2026-06-07 23:29:11.459871
2026-06-08 00:14:06.500189,2026-06-08 01:46:43.169330
2026-06-08 02:31:38.188457,2026-06-08 04:04:14.874797
2026-06-08 04:49:09.875141,2026-06-08 06:21:46.581034
2026-06-08 07:06:41.560239,2026-06-08 08:39:18.286450
2026-06-08 09:24:13.243750,2026-06-08 10:56:49.991043
2026-06-08 11:41:44.928530,2026-06-08 13:14:21.696538
2026-06-08 13:59:16.608996,2026-06-08 15:31:53.399509
2026-06-08 16:16:48.284765,2026-06-08 17:49:25.101653
2026-06-08 18:34:19.960681,2026-06-08 20:06:56.799900
2026-06-08 20:51:51.636263,2026-06-08 22:24:28.503462
2026-06-08 23:09:23.310264,2026-06-09 00:42:00.199990
2026-06-09 01:26:54.982684,2026-06-09 02:59:31.898795
2026-06-09 03:44:26.653528,2026-06-09 05:17:03.596776
2026-06-09 06:01:58.327313,2026-06-09 07:34:35.293934
2026-06-09 08:19:29.990500,2026-06-09 09:52:06.990273
2026-06-09 10:37:01.656637,2026-06-09 12:09:38.689061
2026-06-09 12:54:33.321214,2026-06-09 14:27:10.383565
2026-06-09 15:12:04.989236,2026-06-09 16:44:42.077472
2026-06-09 17:29:36.645711,2026-06-09 19:02:13.767504
2026-06-09 19:47:08.305645,2026-06-09 21:19:45.459803
2026-06-09 22:04:39.964045,2026-06-09 23:37:17.151322
2026-06-10 00:22:11.620919,2026-06-10 01:54:48.842033
2026-06-10 02:39:43.276275,2026-06-10 04:12:20.535455
2026-06-10 04:57:14.930123,2026-06-10 06:29:52.224598
2026-06-10 07:14:46.582473,2026-06-10 08:47:23.913279
2026-06-10 09:32:18.233336,2026-06-10 11:04:55.601085
2026-06-10 11:49:49.882721,2026-06-10 13:22:27.288054
2026-06-10 14:07:21.530641,2026-06-10 15:39:58.970330
2026-06-10 16:24:53.177109,2026-06-10 17:57:30.655797
2026-06-10 18:42:24.822137,2026-06-10 20:15:02.340555
2026-06-10 20:59:56.465739,2026-06-10 22:32:34.028740
2026-06-10 23:17:28.107930,2026-06-11 00:50:05.707999
2026-06-11 01:34:59.748725,2026-06-11 03:07:37.390712
2026-06-11 03:52:31.388139,2026-06-11 05:25:09.072772
2026-06-11 06:10:03.026189,2026-06-11 07:42:40.754194
2026-06-11 08:27:34.662893,2026-06-11 10:00:12.434996
2026-06-11 10:45:06.298268,2026-06-11 12:17:44.115193
2026-06-11 13:02:37.932333,2026-06-11 14:35:15.794805
2026-06-11 15:20:09.565108,2026-06-11 16:52:47.478422
2026-06-11 17:37:41.196612,2026-06-11 19:10:19.156976
2026-06-11 19:55:12.826866,2026-06-11 21:27:50.835003
2026-06-11 22:12:44.455892,2026-06-11 23:45:22.507771
2026-06-12 00:30:16.083711,2026-06-12 02:02:54.184746
2026-06-12 02:47:47.710348,2026-06-12 04:20:25.866129
2026-06-12 05:05:19.335825,2026-06-12 06:37:57.537327
2026-06-12 07:22:50.960167,2026-06-12 08:55:29.212981
2026-06-12 09:40:22.583398,2026-06-12 11:13:00.888243
2026-06-12 11:57:54.205544,2026-06-12 13:30:32.563138
2026-06-12 14:15:25.826633,2026-06-12 15:48:04.237693
2026-06-12 16:32:57.446690,2026-06-12 18:05:35.915806
2026-06-12 18:50:29.065743,2026-06-12 20:23:07.585887
2026-06-12 21:08:00.683820,2026-06-12 22:40:39.263402
2026-06-12 23:25:32.300951,2026-06-13 00:58:10.933046
2026-06-13 01:43:03.917164,2026-06-13 03:15:42.610377
2026-06-13 04:00:35.532491,2026-06-13 05:33:14.279402
2026-06-13 06:18:07.146960,2026-06-13 07:50:45.952354
2026-06-13 08:35:38.760604,2026-06-13 10:08:17.625197
2026-06-13 10:53:10.373455,2026-06-13 12:25:49.302172
2026-06-13 13:10:41.985543,2026-06-13 14:43:20.970683
2026-06-13 15:28:13.596902,2026-06-13 17:00:52.643390
2026-06-13 17:45:45.207566,2026-06-13 19:18:24.316119
2026-06-13 20:03:16.817566,2026-06-13 21:35:55.988901
2026-06-13 22:20:48.426938,2026-06-13 23:53:27.661772
2026-06-14 00:38:20.035716,2026-06-14 02:10:59.334766
2026-06-14 02:55:51.643933,2026-06-14 04:28:31.007918
2026-06-14 05:13:23.251625,2026-06-14 06:46:02.685760
2026-06-14 07:30:54.858828,2026-06-14 09:03:34.354837
2026-06-14 09:48:26.465576,2026-06-14 11:21:06.028675
2026-06-14 12:05:58.074404,2026-06-14 13:38:37.702814
2026-06-14 14:23:29.677849,2026-06-14 15:56:09.377290
2026-06-14 16:41:01.283448,2026-06-14 18:13:41.052139
2026-06-14 18:58:32.888735,2026-06-14 20:31:12.727398
2026-06-14 21:16:04.493746,2026-06-14 22:48:44.403104
2026-06-14 23:33:36.098519,2026-06-15 01:06:16.079294
2026-06-15 01:51:07.703088,2026-06-15 03:23:47.756004
2026-06-15 04:08:39.307491,2026-06-15 05:41:19.433271
2026-06-15 06:26:10.911763,2026-06-15 07:58:51.111132
2026-06-15 08:43:42.515939,2026-06-15 10:16:22.789624
2026-06-15 11:01:14.120057,2026-06-15 12:33:54.468783
2026-06-15 13:18:45.724151,2026-06-15 14:51:26.148646
2026-06-15 15:36:17.328256,2026-06-15 17:08:57.829249
2026-06-15 17:53:48.932409,2026-06-15 19:26:29.510627
2026-06-15 20:11:20.536643,2026-06-15 21:44:01.192818
2026-06-15 22:28:52.140994,2026-06-16 00:01:32.875856
2026-06-16 00:46:23.745495,2026-06-16 02:19:04.559777
2026-06-16 03:03:55.350181,2026-06-16 04:36:36.244615
2026-06-16 05:21:26.955085,2026-06-16 06:54:07.930405
2026-06-16 07:38:58.560240,2026-06-16 09:11:39.617182
2026-06-16 09:56:30.165679,2026-06-16 11:29:11.304977
2026-06-16 12:14:01.771433,2026-06-16 13:46:42.993826
2026-06-16 14:31:33.377535,2026-06-16 16:04:14.683760
2026-06-16 16:49:04.984016,2026-06-16 18:21:46.374812
2026-06-16 19:06:36.590906,2026-06-16 20:39:18.067013
2026-06-16 21:24:08.198235,2026-06-16 22:56:49.760394
2026-06-16 23:41:39.806032,2026-06-17 01:14:21.454986
2026-06-17 01:59:11.414326,2026-06-17 03:31:53.150819
2026-06-17 04:16:43.023146,2026-06-17 05:49:24.847921
2026-06-17 06:34:14.632520,2026-06-17 08:06:56.546322
2026-06-17 08:51:46.242472,2026-06-17 10:24:28.246050
2026-06-17 11:09:17.853031,2026-06-17 12:41:59.947132
2026-06-17 13:26:49.464222,2026-06-17 14:59:31.649593
2026-06-17 15:44:21.076068,2026-06-17 17:17:03.353462
2026-06-17 18:01:52.688595,2026-06-17 19:34:35.058761
2026-06-17 20:19:24.301826,2026-06-17 21:52:06.765517
2026-06-17 22:36:55.915784,2026-06-18 00:09:38.473752
2026-06-18 00:54:27.530487,2026-06-18 02:27:10.183491
2026-06-18 03:11:59.145964,2026-06-18 04:44:41.894754
2026-06-18 05:29:30.762230,2026-06-18 07:02:13.607564
2026-06-18 07:47:02.379305,2026-06-18 09:19:45.321942
2026-06-18 10:04:33.997210,2026-06-18 11:37:17.037907
2026-06-18 12:22:05.618458,2026-06-18 13:54:48.755480
2026-06-18 14:39:37.235575,2026-06-18 16:12:20.474678
2026-06-18 16:57:08.856073,2026-06-18 18:29:52.195519
2026-06-18 19:14:40.477468,2026-06-18 20:47:23.918021
2026-06-18 21:32:12.099777,2026-06-18 23:04:55.642200
2026-06-18 23:49:43.723014,2026-06-19 01:22:27.368072
2026-06-19 02:07:15.347192,2026-06-19 03:39:59.095652
2026-06-19 04:24:46.972326,2026-06-19 05:57:30.824954
2026-06-19 06:42:18.598427,2026-06-19 08:15:02.555991
2026-06-19 08:59:50.225507,2026-06-19 10:32:34.288776
2026-06-19 11:17:21.853578,2026-06-19 12:50:06.023322
2026-06-19 13:34:53.482650,2026-06-19 15:07:37.759639
2026-06-19 15:52:25.112733,2026-06-19 17:25:09.497740
2026-06-19 18:09:56.743837,2026-06-19 19:42:41.237632
2026-06-19 20:27:28.375969,2026-06-19 22:00:12.979328
2026-06-19 22:45:00.009138,2026-06-20 00:17:44.722834
2026-06-20 01:02:31.643350,2026-06-20 02:35:16.468159
2026-06-20 03:20:03.278614,2026-06-20 04:52:48.215310
2026-06-20 05:37:34.914934,2026-06-20 07:10:19.964295
2026-06-20 07:55:06.552317,2026-06-20 09:27:51.715120
2026-06-20 10:12:38.190767,2026-06-20 11:45:23.467790
2026-06-20 12:30:09.830288,2026-06-20 14:02:55.222311
2026-06-20 14:47:41.470885,2026-06-20 16:20:26.978687
2026-06-20 17:05:13.112561,2026-06-20 18:37:58.736922
2026-06-20 19:22:44.755318,2026-06-20 20:55:30.497019
2026-06-20 21:40:16.399158,2026-06-20 23:13:02.258982
2026-06-20 23:57:48.044084,2026-06-21 01:30:34.022812
2026-06-21 02:15:19.690097,2026-06-21 03:48:05.788512
2026-06-21 04:32:51.337198,2026-06-21 06:05:37.556082
2026-06-21 06:50:22.985386,2026-06-21 08:23:09.325524
2026-06-21 09:07:54.634661,2026-06-21 10:40:41.096838
2026-06-21 11:25:26.285024,2026-06-21 12:58:12.870024
2026-06-21 13:42:57.936472,2026-06-21 15:15:44.645081
2026-06-21 16:00:29.589005,2026-06-21 17:33:16.422009
2026-06-21 18:18:01.242620,2026-06-21 19:50:48.200805
2026-06-21 20:35:32.897316,2026-06-21 22:08:19.981467
2026-06-21 22:53:04.553089,2026-06-22 00:25:51.763995
2026-06-22 01:10:36.209937,2026-06-22 02:43:23.548383
2026-06-22 03:28:07.867856,2026-06-22 05:00:55.334631
2026-06-22 05:45:39.526843,2026-06-22 07:18:27.122733
2026-06-22 08:03:11.186892,2026-06-22 09:35:58.912687
2026-06-22 10:20:42.848001,2026-06-22 11:53:30.704487
2026-06-22 12:38:14.510163,2026-06-22 14:11:02.498130
2026-06-22 14:55:46.173374,2026-06-22 16:28:34.293610
2026-06-22 17:13:17.837629,2026-06-22 18:46:06.090921
2026-06-22 19:30:49.502921,2026-06-22 21:03:37.890058
2026-06-22 21:48:21.169245,2026-06-22 23:21:09.691016
2026-06-23 00:05:52.836593,2026-06-23 01:38:41.493787
2026-06-23 02:23:24.504961,2026-06-23 03:56:13.298365
2026-06-23 04:40:56.174341,2026-06-23 06:13:45.104743
2026-06-23 06:58:27.844731,2026-06-23 08:31:16.912914
2026-06-23 09:15:59.516088,2026-06-23 10:48:48.722869
2026-06-23 11:33:31.188452,2026-06-23 13:06:20.534603
2026-06-23 13:51:02.861802,2026-06-23 15:23:52.348105
2026-06-23 16:08:34.536126,2026-06-23 17:41:24.163367
2026-06-23 18:26:06.211414,2026-06-23 19:58:55.980382
2026-06-23 20:43:37.887658,2026-06-23 22:16:27.799139
2026-06-23 23:01:09.564850,2026-06-24 00:33:59.619630
2026-06-24 01:18:41.242980,2026-06-24 02:51:31.441845
2026-06-24 03:36:12.922039,2026-06-24 05:09:03.265774
2026-06-24 05:53:44.602017,2026-06-24 07:26:35.091408
2026-06-24 08:11:16.282905,2026-06-24 09:44:06.918736
2026-06-24 10:28:47.964692,2026-06-24 12:01:38.747747
2026-06-24 12:46:19.647370,2026-06-24 14:19:10.578432
2026-06-24 15:03:51.330926,2026-06-24 16:36:42.410778
2026-06-24 17:21:23.015352,2026-06-24 18:54:14.244775
2026-06-24 19:38:54.700635,2026-06-24 21:11:46.080411
2026-06-24 21:56:26.386766,2026-06-24 23:29:17.917676
2026-06-25 00:13:58.073734,2026-06-25 01:46:49.756556
